first =>>,adminpack,amcheck,auth_delay,auto_explain,basebackup_to_shell,basic_archive,bloom,bool_plperl,btree_gin,btree_gist,citext,citus,cube,dblink,dict_int,dict_xsyn,dont_drop_db,earthdistance,file_fdw,fuzzystrmatch,hll,hstore,hstore_plperl,hstore_plpython3u,hypopg,imcs,intagg,intarray,ip4r,isn,jsonb_plperl,jsonb_plpython3u,lo,logerrors,lsm3,ltree,ltree_plpython3u,old_snapshot,orafce,pageinspect,passwordcheck,pg_bigm,pg_buffercache,pg_cron,pg_freespacemap,pg_hint_plan,pg_ivm,pg_log_userqueries,pg_partman,pg_prewarm,pg_proctab,pg_qualstats,pg_query_rewrite,pg_queryid,pg_repack,pg_show_plans,pg_stat_kcache,pg_stat_monitor,pg_stat_statements,pg_surgery,pg_tle,pg_trgm,pg_variables,pg_visibility,pg_wait_sampling,pg_walinspect,pgaudit,pgcrypto,pgextwlist,pgfincore,pgjwt,pgrowlocks,pgsentinel,pgstattuple,pgtap,pgtt,plprofiler,plv8,postgres_fdw,prefix,seg,shared_ispell,sslinfo,tablefunc,tcn,tds_fdw,test_decoding,timescaledb,tsm_system_rows,tsm_system_time,unaccent,uuid-ossp,vector,vops,wal2json,xml2
adminpack,n/a,yes,yes,yes,yes,yes,yes,yes,yes,yes,yes,yes,yes,yes,yes,yes,yes,yes,yes,yes,yes,yes,yes,yes,yes,yes,yes,yes,yes,yes,yes,yes,yes,yes,yes,yes,yes,yes,yes,yes,yes,yes,yes,no,yes,yes,yes,yes,yes,yes,yes,yes,yes,no,yes,yes,no,yes,yes,yes,yes,yes,yes,yes,yes,yes,yes,yes,no,yes,yes,yes,yes,yes,yes,yes,yes,yes,yes,yes,yes,yes,yes,yes,yes,no,yes,yes,yes,yes,yes,yes,yes,yes,yes,yes
amcheck,yes,n/a,yes,yes,yes,yes,yes,yes,yes,yes,yes,yes,yes,yes,yes,yes,yes,no,yes,yes,yes,yes,yes,yes,yes,yes,yes,yes,yes,yes,yes,yes,yes,yes,yes,yes,yes,yes,yes,yes,yes,yes,yes,yes,yes,yes,yes,yes,yes,yes,yes,yes,yes,no,yes,yes,no,no,yes,yes,yes,yes,yes,yes,yes,yes,yes,yes,no,yes,yes,yes,no,yes,yes,no,yes,yes,yes,yes,yes,yes,yes,yes,yes,no,yes,no,yes,yes,yes,yes,yes,yes,yes,yes
auth_delay,yes,yes,n/a,yes,yes,yes,yes,yes,yes,yes,yes,yes,yes,yes,yes,yes,yes,yes,yes,yes,yes,yes,yes,yes,yes,yes,yes,yes,yes,yes,yes,yes,yes,yes,yes,yes,yes,yes,yes,yes,yes,yes,yes,yes,yes,yes,yes,yes,yes,yes,yes,yes,yes,no,yes,yes,no,yes,yes,yes,yes,yes,yes,yes,yes,yes,yes,yes,yes,yes,yes,yes,yes,yes,yes,yes,yes,yes,yes,yes,yes,yes,yes,yes,yes,yes,yes,yes,yes,yes,yes,yes,yes,yes,yes,yes
auto_explain,yes,yes,yes,n/a,yes,yes,yes,yes,yes,yes,yes,yes,yes,yes,yes,yes,yes,yes,yes,yes,yes,yes,yes,yes,yes,yes,yes,yes,yes,yes,yes,yes,yes,yes,yes,yes,yes,yes,yes,yes,yes,yes,yes,yes,yes,yes,yes,yes,yes,yes,yes,yes,yes,no,yes,yes,no,yes,yes,yes,yes,yes,yes,yes,yes,yes,yes,yes,yes,yes,yes,yes,yes,yes,yes,yes,yes,yes,yes,yes,yes,yes,yes,yes,yes,yes,yes,yes,yes,yes,yes,yes,yes,yes,yes,yes
basebackup_to_shell,yes,yes,yes,yes,n/a,yes,yes,yes,yes,yes,yes,yes,yes,yes,yes,yes,yes,yes,yes,yes,yes,yes,yes,yes,yes,yes,yes,yes,yes,yes,yes,yes,yes,yes,yes,yes,yes,yes,yes,yes,yes,yes,yes,yes,yes,yes,yes,yes,yes,yes,yes,yes,yes,no,yes,yes,no,yes,yes,yes,yes,yes,yes,yes,yes,yes,yes,yes,yes,yes,yes,yes,yes,yes,yes,yes,yes,yes,yes,yes,yes,yes,yes,yes,yes,yes,yes,yes,yes,yes,yes,yes,yes,yes,yes,yes
basic_archive,yes,yes,yes,yes,yes,n/a,yes,yes,yes,yes,yes,yes,yes,yes,yes,yes,yes,yes,yes,yes,yes,yes,yes,yes,yes,yes,yes,yes,yes,yes,yes,yes,yes,yes,yes,yes,yes,yes,yes,yes,yes,yes,yes,yes,yes,yes,yes,yes,yes,yes,yes,yes,yes,no,yes,yes,no,yes,yes,yes,yes,yes,yes,yes,yes,yes,yes,yes,yes,yes,yes,yes,no,yes,yes,yes,yes,yes,yes,yes,yes,yes,yes,yes,yes,no,no,yes,yes,yes,yes,yes,yes,yes,no,yes
bloom,yes,yes,yes,yes,yes,yes,n/a,yes,yes,yes,yes,yes,yes,yes,yes,yes,yes,no,yes,yes,yes,yes,yes,yes,yes,yes,yes,yes,yes,yes,yes,yes,yes,yes,yes,yes,yes,yes,yes,yes,yes,yes,yes,yes,yes,yes,yes,yes,yes,yes,yes,yes,yes,no,yes,yes,no,no,yes,yes,yes,yes,yes,yes,yes,yes,yes,yes,no,yes,yes,yes,no,yes,yes,yes,yes,yes,yes,yes,yes,yes,yes,yes,yes,no,yes,no,yes,yes,yes,yes,yes,yes,yes,yes
bool_plperl,yes,yes,yes,yes,yes,yes,yes,n/a,yes,yes,yes,yes,yes,yes,yes,yes,yes,no,yes,yes,yes,yes,no,yes,yes,yes,yes,yes,yes,yes,no,yes,yes,yes,yes,yes,yes,yes,yes,yes,yes,yes,yes,yes,yes,yes,yes,yes,yes,yes,yes,yes,yes,no,yes,yes,yes,no,yes,yes,yes,yes,yes,yes,yes,yes,yes,yes,no,yes,yes,yes,no,yes,yes,yes,yes,yes,yes,yes,yes,yes,yes,yes,yes,no,yes,no,yes,yes,yes,yes,yes,yes,yes,yes
btree_gin,yes,yes,yes,yes,yes,yes,yes,yes,n/a,yes,yes,yes,yes,yes,yes,yes,yes,no,yes,yes,yes,yes,yes,yes,yes,yes,yes,yes,yes,no,yes,yes,yes,yes,no,yes,yes,yes,yes,yes,yes,no,yes,yes,yes,no,yes,yes,yes,yes,yes,yes,yes,no,yes,yes,no,no,yes,yes,yes,yes,yes,yes,yes,yes,yes,yes,no,yes,yes,yes,no,yes,yes,yes,yes,yes,yes,no,yes,yes,yes,yes,yes,no,yes,no,yes,yes,yes,yes,yes,yes,yes,yes
btree_gist,yes,yes,yes,yes,yes,yes,yes,yes,yes,n/a,yes,yes,yes,yes,yes,yes,yes,no,yes,yes,yes,yes,yes,yes,yes,no,yes,yes,no,no,yes,yes,yes,yes,no,yes,yes,yes,yes,yes,yes,no,yes,yes,yes,no,yes,yes,yes,yes,yes,yes,yes,no,yes,yes,no,no,yes,yes,yes,yes,yes,yes,yes,yes,yes,yes,no,yes,yes,yes,no,yes,yes,yes,yes,yes,yes,no,yes,yes,yes,yes,yes,no,yes,no,yes,yes,yes,yes,yes,yes,yes,yes
citext,yes,yes,yes,yes,yes,yes,yes,yes,yes,yes,n/a,yes,yes,yes,yes,yes,yes,no,yes,yes,yes,yes,yes,yes,yes,yes,yes,yes,yes,no,yes,yes,yes,yes,no,yes,yes,yes,yes,yes,yes,no,yes,yes,yes,yes,yes,yes,yes,yes,yes,yes,yes,no,yes,yes,no,no,yes,yes,yes,yes,yes,yes,yes,yes,yes,yes,no,yes,yes,yes,no,yes,yes,yes,yes,yes,yes,no,yes,yes,yes,yes,yes,no,yes,no,yes,yes,yes,yes,yes,yes,yes,yes
citus,yes,yes,yes,no,yes,yes,yes,yes,yes,yes,yes,n/a,yes,yes,yes,yes,no,yes,yes,yes,no,yes,no,no,no,yes,yes,no,yes,yes,yes,yes,yes,no,no,yes,no,yes,yes,yes,yes,yes,yes,no,yes,no,no,no,yes,yes,yes,no,no,no,no,no,no,no,no,yes,no,yes,yes,yes,no,yes,no,yes,no,yes,yes,yes,no,yes,yes,yes,yes,yes,no,yes,no,no,yes,yes,yes,yes,no,no,yes,yes,no,yes,yes,yes,yes,yes
cube,yes,yes,yes,yes,yes,yes,yes,yes,yes,yes,yes,yes,n/a,yes,yes,yes,yes,no,yes,yes,yes,yes,yes,yes,yes,no,yes,yes,no,no,yes,yes,yes,yes,no,yes,yes,yes,yes,yes,yes,no,yes,yes,yes,yes,yes,yes,yes,yes,yes,yes,yes,no,yes,yes,no,no,yes,yes,yes,yes,yes,yes,yes,yes,yes,yes,no,yes,yes,yes,no,yes,yes,yes,yes,yes,yes,no,yes,yes,yes,yes,yes,no,yes,no,yes,yes,yes,yes,yes,yes,yes,yes
dblink,yes,yes,yes,yes,yes,yes,yes,yes,yes,yes,yes,yes,yes,n/a,yes,yes,yes,no,yes,yes,yes,yes,yes,yes,yes,yes,yes,yes,yes,yes,yes,yes,yes,yes,yes,yes,yes,yes,yes,yes,yes,yes,yes,yes,yes,yes,yes,yes,yes,yes,yes,yes,yes,no,yes,yes,no,no,yes,yes,yes,yes,yes,yes,yes,yes,yes,yes,no,yes,yes,yes,no,yes,yes,yes,yes,yes,yes,yes,yes,yes,yes,yes,yes,no,yes,no,yes,yes,yes,yes,yes,yes,yes,yes
dict_int,yes,yes,yes,yes,yes,yes,yes,yes,yes,yes,yes,yes,yes,yes,n/a,yes,yes,no,yes,yes,yes,yes,yes,yes,yes,yes,yes,yes,yes,yes,yes,yes,yes,yes,yes,yes,yes,yes,yes,yes,yes,yes,yes,no,yes,yes,yes,yes,yes,yes,yes,yes,yes,no,yes,yes,no,no,yes,yes,yes,yes,yes,yes,yes,yes,yes,yes,no,yes,yes,yes,yes,yes,yes,yes,yes,yes,yes,yes,yes,yes,yes,yes,yes,no,yes,no,yes,yes,yes,yes,yes,yes,yes,yes
dict_xsyn,yes,yes,yes,yes,yes,yes,yes,yes,yes,yes,yes,yes,yes,yes,yes,n/a,yes,no,yes,yes,yes,yes,yes,yes,yes,yes,yes,yes,yes,yes,yes,yes,yes,yes,yes,yes,yes,yes,yes,yes,yes,yes,yes,no,yes,yes,yes,yes,yes,yes,yes,yes,yes,no,yes,yes,no,no,yes,yes,yes,yes,yes,yes,yes,yes,yes,yes,no,yes,yes,yes,yes,yes,yes,no,yes,yes,yes,yes,yes,yes,yes,yes,yes,no,yes,no,yes,yes,yes,yes,yes,yes,yes,yes
dont_drop_db,yes,yes,yes,yes,yes,yes,yes,yes,yes,yes,yes,yes,yes,yes,yes,yes,n/a,yes,yes,yes,yes,yes,yes,yes,yes,yes,yes,yes,yes,yes,yes,yes,yes,yes,yes,yes,yes,yes,yes,yes,yes,yes,yes,yes,yes,yes,yes,yes,yes,yes,yes,yes,yes,no,yes,yes,no,yes,yes,yes,yes,yes,yes,yes,yes,yes,yes,yes,no,yes,yes,yes,yes,yes,yes,yes,yes,yes,yes,yes,yes,yes,yes,yes,yes,yes,yes,no,yes,yes,yes,yes,yes,yes,yes,yes
earthdistance,yes,no,yes,yes,yes,yes,no,no,no,no,no,yes,no,no,no,no,yes,n/a,no,no,no,no,no,no,no,no,no,no,no,no,no,no,no,no,no,no,no,no,yes,no,yes,no,no,no,no,no,yes,yes,no,no,no,no,no,no,yes,no,no,no,no,no,yes,no,no,no,no,no,no,no,no,no,no,no,no,no,no,yes,no,yes,no,no,no,no,no,no,no,no,yes,no,no,no,no,no,no,no,yes,no
file_fdw,yes,yes,yes,yes,yes,yes,yes,yes,yes,yes,yes,yes,yes,yes,yes,yes,yes,no,n/a,yes,yes,yes,yes,yes,yes,yes,yes,yes,yes,yes,yes,yes,yes,yes,yes,yes,yes,yes,yes,yes,yes,yes,yes,no,yes,no,yes,yes,yes,yes,yes,yes,yes,no,yes,yes,no,no,no,yes,yes,yes,yes,yes,yes,yes,yes,yes,no,yes,yes,yes,no,yes,yes,yes,yes,yes,yes,yes,yes,yes,yes,yes,yes,no,yes,no,yes,yes,yes,yes,yes,yes,yes,yes
fuzzystrmatch,yes,yes,yes,yes,yes,yes,yes,yes,yes,yes,yes,yes,yes,yes,yes,yes,yes,no,yes,n/a,yes,yes,yes,yes,yes,yes,yes,yes,yes,yes,yes,yes,yes,yes,yes,yes,yes,yes,yes,yes,yes,yes,yes,no,yes,yes,yes,yes,yes,yes,yes,yes,yes,no,yes,yes,no,no,yes,yes,yes,yes,yes,yes,yes,yes,yes,yes,no,yes,yes,yes,yes,yes,yes,yes,yes,yes,yes,yes,yes,yes,yes,yes,yes,no,yes,no,yes,yes,yes,yes,yes,yes,yes,yes
hll,yes,yes,yes,yes,yes,yes,yes,yes,yes,yes,yes,no,yes,yes,yes,yes,yes,no,yes,yes,n/a,yes,yes,yes,yes,yes,yes,yes,yes,yes,yes,yes,yes,yes,yes,yes,yes,yes,yes,yes,yes,yes,yes,yes,yes,yes,yes,yes,yes,yes,yes,yes,yes,no,yes,yes,no,no,yes,yes,yes,yes,yes,yes,yes,yes,yes,yes,no,yes,yes,yes,yes,yes,yes,no,yes,yes,yes,yes,yes,yes,yes,yes,yes,no,yes,no,yes,yes,yes,yes,yes,yes,yes,yes
hstore,yes,yes,yes,yes,yes,yes,yes,yes,yes,yes,yes,yes,yes,yes,yes,yes,yes,no,yes,yes,yes,n/a,no,no,yes,yes,yes,yes,yes,no,yes,yes,yes,yes,no,yes,yes,yes,yes,yes,yes,no,yes,yes,yes,yes,yes,yes,yes,yes,yes,yes,yes,no,yes,yes,no,no,yes,yes,yes,yes,yes,yes,yes,yes,yes,yes,no,yes,yes,yes,no,yes,yes,yes,yes,yes,yes,no,yes,yes,yes,yes,yes,no,yes,no,yes,yes,yes,yes,yes,yes,yes,yes
hstore_plperl,yes,yes,yes,yes,yes,yes,yes,no,yes,yes,yes,no,yes,yes,yes,yes,yes,no,yes,yes,yes,no,n/a,no,yes,yes,yes,yes,yes,yes,no,no,yes,yes,yes,yes,no,yes,yes,yes,yes,yes,yes,yes,yes,yes,yes,yes,yes,yes,yes,yes,yes,no,yes,yes,yes,no,yes,yes,yes,yes,yes,yes,yes,yes,yes,yes,no,yes,yes,yes,no,yes,yes,yes,yes,yes,yes,yes,yes,yes,yes,yes,yes,no,yes,no,yes,yes,yes,yes,yes,yes,yes,yes
hstore_plpython3u,yes,yes,yes,yes,yes,yes,yes,yes,yes,yes,yes,no,yes,yes,yes,yes,yes,no,yes,yes,yes,no,no,n/a,yes,yes,yes,yes,yes,yes,yes,no,yes,yes,yes,yes,no,yes,yes,yes,yes,yes,yes,yes,yes,yes,yes,yes,yes,yes,yes,yes,yes,no,yes,yes,yes,no,yes,yes,yes,yes,yes,yes,yes,yes,yes,yes,no,yes,yes,yes,no,yes,yes,yes,yes,yes,yes,yes,yes,yes,yes,yes,yes,yes,yes,no,yes,yes,yes,yes,yes,yes,yes,yes
hypopg,yes,yes,yes,yes,yes,yes,yes,yes,yes,yes,yes,yes,yes,yes,yes,yes,yes,no,yes,yes,yes,yes,yes,yes,n/a,yes,yes,yes,yes,yes,yes,yes,yes,yes,yes,yes,yes,yes,yes,yes,yes,yes,yes,no,yes,yes,yes,yes,yes,yes,yes,yes,yes,no,yes,yes,no,no,yes,yes,yes,yes,yes,yes,yes,yes,yes,yes,no,yes,yes,yes,yes,yes,yes,yes,yes,yes,yes,yes,yes,yes,yes,yes,yes,no,yes,no,yes,yes,yes,yes,yes,yes,yes,yes
imcs,yes,yes,yes,yes,yes,yes,yes,yes,yes,no,yes,yes,no,yes,yes,yes,yes,no,yes,yes,yes,yes,yes,yes,yes,n/a,yes,yes,yes,yes,yes,yes,yes,yes,yes,yes,yes,yes,yes,yes,yes,yes,yes,no,yes,yes,yes,yes,yes,yes,yes,yes,yes,no,yes,yes,no,no,yes,yes,yes,yes,yes,yes,yes,yes,yes,yes,no,yes,yes,yes,yes,yes,yes,yes,yes,yes,yes,yes,no,yes,yes,yes,yes,no,yes,no,yes,yes,yes,yes,yes,yes,yes,yes
intagg,yes,yes,yes,yes,yes,yes,yes,yes,yes,yes,yes,yes,yes,yes,yes,yes,yes,no,yes,yes,yes,yes,yes,yes,yes,yes,n/a,yes,yes,yes,yes,yes,yes,yes,yes,yes,yes,yes,yes,yes,yes,yes,yes,yes,yes,yes,yes,yes,yes,yes,yes,yes,yes,yes,yes,yes,no,no,yes,yes,yes,yes,yes,yes,yes,yes,yes,yes,no,yes,yes,yes,yes,yes,yes,yes,yes,yes,yes,yes,yes,yes,yes,yes,yes,yes,yes,no,yes,yes,yes,yes,yes,yes,yes,yes
intarray,yes,yes,yes,yes,yes,yes,yes,yes,yes,yes,yes,no,yes,yes,yes,yes,yes,no,yes,yes,yes,yes,yes,yes,yes,yes,yes,n/a,yes,no,yes,yes,yes,yes,no,yes,yes,yes,yes,yes,yes,no,yes,yes,yes,yes,yes,yes,yes,yes,yes,yes,yes,yes,yes,yes,no,no,yes,yes,yes,yes,yes,yes,yes,yes,yes,yes,no,yes,yes,yes,no,yes,yes,yes,yes,yes,yes,no,yes,yes,yes,yes,yes,no,yes,no,yes,yes,yes,yes,yes,yes,yes,yes
ip4r,yes,yes,yes,yes,yes,yes,yes,yes,yes,no,yes,yes,no,yes,yes,yes,yes,no,yes,yes,yes,yes,yes,yes,yes,yes,yes,yes,n/a,yes,yes,yes,yes,yes,yes,yes,yes,yes,yes,yes,yes,yes,yes,yes,yes,yes,yes,yes,yes,yes,yes,yes,yes,no,yes,yes,no,no,yes,yes,yes,yes,yes,yes,yes,yes,yes,yes,no,yes,yes,yes,yes,yes,yes,yes,yes,yes,yes,yes,no,yes,yes,yes,yes,no,yes,no,yes,yes,yes,yes,yes,yes,yes,yes
isn,yes,yes,yes,yes,yes,yes,yes,yes,no,no,no,yes,no,yes,yes,yes,yes,no,yes,yes,yes,no,yes,yes,yes,yes,yes,no,yes,n/a,yes,yes,yes,yes,no,no,yes,yes,yes,yes,yes,no,yes,yes,yes,yes,yes,yes,yes,yes,yes,yes,yes,no,yes,yes,no,no,yes,yes,yes,no,yes,yes,yes,yes,yes,yes,no,yes,yes,yes,no,yes,yes,yes,yes,yes,yes,no,no,yes,yes,yes,yes,no,yes,no,yes,yes,yes,yes,yes,yes,yes,yes
jsonb_plperl,yes,yes,yes,yes,yes,yes,yes,no,yes,yes,yes,yes,yes,yes,yes,yes,yes,no,yes,yes,yes,yes,no,yes,yes,yes,yes,yes,yes,yes,n/a,yes,yes,yes,yes,yes,yes,yes,yes,yes,yes,yes,yes,yes,yes,yes,yes,yes,yes,yes,yes,yes,yes,no,yes,yes,yes,no,yes,yes,yes,yes,yes,yes,yes,yes,yes,yes,no,yes,yes,yes,no,yes,yes,yes,yes,yes,yes,yes,yes,yes,yes,yes,yes,no,yes,no,yes,yes,yes,yes,yes,yes,yes,yes
jsonb_plpython3u,yes,yes,yes,yes,yes,yes,yes,yes,yes,yes,yes,yes,yes,yes,yes,yes,yes,no,yes,yes,yes,yes,no,no,yes,yes,yes,yes,yes,yes,yes,n/a,yes,yes,yes,yes,no,yes,yes,yes,yes,yes,yes,yes,yes,yes,yes,yes,yes,yes,yes,yes,yes,yes,yes,yes,yes,no,yes,yes,yes,yes,yes,yes,yes,yes,yes,no,no,yes,yes,yes,no,yes,yes,yes,yes,yes,yes,yes,yes,yes,yes,yes,yes,yes,yes,no,yes,yes,yes,yes,yes,yes,yes,yes
lo,yes,yes,yes,yes,yes,yes,yes,yes,yes,yes,yes,yes,yes,yes,yes,yes,yes,no,yes,yes,yes,yes,yes,yes,yes,yes,yes,yes,yes,yes,yes,yes,n/a,yes,yes,yes,yes,yes,yes,yes,yes,yes,yes,yes,yes,yes,yes,yes,yes,yes,yes,yes,yes,no,yes,yes,no,no,yes,yes,yes,yes,yes,yes,yes,yes,yes,yes,no,yes,yes,yes,no,yes,yes,yes,yes,yes,yes,yes,yes,yes,yes,yes,yes,no,yes,no,yes,yes,yes,yes,yes,yes,yes,yes
logerrors,yes,yes,yes,yes,yes,yes,yes,yes,yes,yes,yes,yes,yes,yes,yes,yes,yes,no,yes,yes,yes,yes,yes,yes,yes,yes,yes,yes,yes,yes,yes,yes,yes,n/a,yes,yes,yes,yes,yes,yes,yes,yes,yes,yes,yes,yes,yes,yes,yes,yes,yes,yes,yes,no,yes,yes,no,no,yes,yes,yes,yes,yes,yes,yes,yes,yes,yes,no,yes,yes,yes,no,yes,yes,yes,yes,yes,yes,yes,yes,yes,yes,yes,yes,no,yes,no,yes,yes,yes,yes,yes,yes,yes,yes
lsm3,yes,yes,yes,yes,yes,yes,yes,yes,no,no,no,no,no,yes,yes,yes,yes,no,yes,yes,yes,no,yes,yes,yes,yes,yes,no,yes,no,yes,yes,yes,yes,n/a,no,yes,yes,yes,yes,yes,yes,yes,no,yes,yes,yes,yes,yes,yes,yes,yes,yes,no,yes,yes,no,no,yes,yes,yes,no,yes,yes,yes,yes,yes,yes,no,yes,yes,yes,yes,yes,yes,yes,yes,yes,yes,yes,no,yes,yes,yes,yes,no,yes,no,yes,yes,yes,yes,yes,yes,yes,yes
ltree,yes,yes,yes,yes,yes,yes,yes,yes,yes,yes,yes,yes,yes,yes,yes,yes,yes,no,yes,yes,yes,yes,yes,yes,yes,yes,yes,yes,yes,no,yes,yes,yes,yes,no,n/a,no,yes,yes,yes,yes,no,yes,yes,yes,yes,yes,yes,yes,yes,yes,yes,yes,no,yes,yes,no,no,yes,yes,yes,yes,yes,yes,yes,yes,yes,yes,no,yes,yes,yes,no,yes,yes,yes,yes,yes,yes,no,yes,yes,yes,yes,yes,no,yes,no,yes,yes,yes,yes,yes,yes,yes,yes
ltree_plpython3u,yes,yes,yes,yes,yes,yes,yes,yes,yes,yes,yes,no,yes,yes,yes,yes,yes,no,yes,yes,yes,yes,no,no,yes,yes,yes,yes,yes,yes,yes,no,yes,yes,yes,no,n/a,yes,yes,yes,yes,yes,yes,yes,yes,yes,yes,yes,yes,yes,yes,yes,yes,no,yes,yes,yes,no,yes,yes,yes,yes,yes,yes,yes,yes,yes,yes,no,yes,yes,yes,no,yes,yes,yes,yes,yes,yes,yes,yes,yes,yes,yes,yes,yes,yes,no,yes,yes,yes,yes,yes,yes,yes,yes
old_snapshot,yes,yes,yes,yes,yes,yes,yes,yes,yes,yes,yes,yes,yes,yes,yes,yes,yes,no,yes,yes,yes,yes,yes,yes,yes,yes,yes,yes,yes,yes,yes,yes,yes,yes,yes,yes,yes,n/a,yes,yes,yes,yes,yes,yes,yes,yes,yes,yes,yes,yes,yes,yes,yes,no,yes,yes,no,no,yes,yes,yes,yes,yes,yes,yes,yes,yes,yes,no,yes,yes,yes,yes,yes,yes,yes,yes,yes,yes,yes,yes,yes,yes,yes,yes,yes,yes,no,yes,yes,yes,yes,yes,yes,yes,yes
orafce,yes,yes,yes,yes,yes,yes,yes,yes,yes,yes,yes,yes,yes,yes,yes,yes,yes,yes,yes,yes,yes,yes,yes,yes,yes,yes,yes,yes,yes,yes,yes,yes,yes,yes,yes,yes,yes,yes,n/a,yes,yes,yes,yes,no,yes,yes,yes,yes,yes,yes,yes,yes,yes,no,yes,yes,no,yes,yes,yes,yes,yes,yes,yes,yes,yes,yes,yes,no,yes,yes,yes,yes,yes,yes,yes,yes,yes,yes,yes,yes,yes,yes,yes,yes,no,yes,no,yes,yes,yes,yes,yes,yes,yes,yes
pageinspect,yes,yes,yes,yes,yes,yes,yes,yes,yes,yes,yes,yes,yes,yes,yes,yes,yes,no,yes,yes,yes,yes,yes,yes,yes,yes,yes,yes,yes,yes,yes,yes,yes,yes,yes,yes,yes,yes,yes,n/a,yes,yes,yes,yes,yes,yes,yes,yes,yes,yes,yes,yes,yes,no,yes,yes,no,no,yes,yes,yes,yes,yes,yes,yes,yes,yes,yes,no,yes,yes,yes,no,yes,yes,no,yes,yes,yes,yes,yes,yes,yes,yes,yes,no,yes,no,yes,yes,yes,yes,yes,yes,yes,yes
passwordcheck,yes,yes,yes,yes,yes,yes,yes,yes,yes,yes,yes,yes,yes,yes,yes,yes,yes,yes,yes,yes,yes,yes,yes,yes,yes,yes,yes,yes,yes,yes,yes,yes,yes,yes,yes,yes,yes,yes,yes,yes,n/a,yes,yes,no,yes,yes,yes,yes,yes,yes,yes,yes,yes,no,yes,yes,no,yes,yes,yes,no,yes,yes,yes,yes,yes,no,yes,yes,yes,yes,yes,yes,yes,yes,yes,yes,yes,yes,yes,yes,yes,yes,yes,yes,no,yes,yes,yes,yes,yes,yes,yes,yes,yes,yes
pg_bigm,yes,yes,yes,yes,yes,yes,yes,yes,no,no,no,yes,no,yes,yes,yes,yes,no,yes,yes,yes,no,yes,yes,yes,yes,yes,no,yes,no,yes,yes,yes,yes,yes,no,yes,yes,yes,yes,yes,n/a,yes,no,yes,yes,yes,yes,yes,yes,yes,no,yes,no,yes,yes,no,no,yes,yes,yes,no,yes,yes,yes,yes,yes,yes,no,yes,yes,yes,yes,yes,yes,yes,yes,yes,yes,yes,no,yes,yes,yes,yes,no,yes,no,yes,yes,yes,yes,yes,yes,yes,yes
pg_buffercache,yes,yes,yes,yes,yes,yes,yes,yes,yes,yes,yes,yes,yes,yes,yes,yes,yes,no,yes,yes,yes,yes,yes,yes,yes,yes,yes,yes,yes,yes,yes,yes,yes,yes,yes,yes,yes,yes,yes,yes,yes,yes,n/a,yes,yes,yes,yes,yes,yes,yes,yes,yes,yes,no,yes,yes,no,no,yes,yes,yes,yes,yes,yes,yes,yes,yes,yes,no,yes,yes,yes,yes,yes,yes,yes,yes,yes,yes,yes,yes,yes,yes,yes,yes,yes,yes,no,yes,yes,yes,yes,yes,yes,yes,yes
pg_cron,no,yes,yes,yes,yes,yes,yes,yes,yes,yes,yes,no,yes,yes,no,no,yes,no,no,no,yes,yes,yes,yes,no,no,yes,yes,yes,yes,yes,yes,yes,yes,no,yes,yes,yes,no,yes,no,no,yes,n/a,yes,yes,no,yes,yes,yes,yes,no,yes,no,no,no,no,yes,no,no,no,yes,no,yes,no,yes,no,yes,no,no,yes,yes,yes,yes,yes,no,yes,no,yes,yes,yes,no,yes,yes,yes,no,yes,yes,no,no,yes,yes,no,no,no,yes
pg_freespacemap,yes,yes,yes,yes,yes,yes,yes,yes,yes,yes,yes,yes,yes,yes,yes,yes,yes,no,yes,yes,yes,yes,yes,yes,yes,yes,yes,yes,yes,yes,yes,yes,yes,yes,yes,yes,yes,yes,yes,yes,yes,yes,yes,yes,n/a,yes,yes,yes,yes,yes,yes,yes,yes,no,yes,yes,no,no,yes,yes,yes,yes,yes,yes,yes,yes,yes,yes,no,yes,yes,yes,no,yes,yes,yes,yes,yes,yes,yes,yes,yes,yes,yes,yes,no,yes,no,yes,yes,yes,yes,yes,yes,yes,yes
pg_hint_plan,yes,yes,yes,yes,yes,yes,yes,yes,no,no,yes,no,yes,yes,yes,yes,yes,no,no,yes,yes,yes,yes,yes,yes,yes,yes,yes,yes,yes,yes,yes,yes,yes,yes,yes,yes,yes,yes,yes,yes,yes,yes,yes,yes,n/a,no,yes,yes,yes,yes,yes,no,no,no,yes,no,no,no,yes,no,yes,yes,yes,yes,yes,no,yes,no,yes,yes,yes,no,yes,yes,yes,yes,yes,no,yes,yes,yes,yes,yes,yes,no,yes,no,yes,yes,yes,yes,yes,yes,yes,yes
pg_ivm,yes,yes,yes,yes,yes,yes,yes,yes,yes,yes,yes,no,yes,yes,yes,yes,yes,yes,yes,yes,yes,yes,yes,yes,yes,yes,yes,yes,yes,yes,yes,yes,yes,yes,yes,yes,yes,yes,yes,yes,yes,yes,yes,no,yes,no,n/a,yes,yes,yes,yes,yes,yes,no,yes,yes,no,no,no,yes,yes,yes,yes,yes,yes,yes,yes,yes,no,yes,yes,yes,no,yes,yes,yes,yes,yes,yes,yes,yes,yes,yes,yes,yes,no,yes,no,yes,yes,yes,yes,yes,yes,yes,yes
pg_log_userqueries,yes,yes,yes,yes,yes,yes,yes,yes,yes,yes,yes,yes,yes,yes,yes,yes,yes,yes,yes,yes,yes,yes,yes,yes,yes,yes,yes,yes,yes,yes,yes,yes,yes,yes,yes,yes,yes,yes,yes,yes,yes,yes,yes,yes,yes,yes,yes,n/a,yes,yes,yes,yes,yes,no,yes,yes,no,yes,yes,yes,yes,yes,yes,yes,yes,yes,yes,yes,yes,yes,yes,yes,yes,yes,yes,yes,yes,yes,yes,yes,yes,yes,yes,yes,yes,yes,yes,yes,yes,yes,yes,yes,yes,yes,yes,yes
pg_partman,yes,yes,yes,yes,yes,yes,yes,yes,yes,yes,yes,yes,yes,yes,yes,yes,yes,no,yes,yes,yes,yes,yes,yes,yes,yes,yes,yes,yes,yes,yes,yes,yes,yes,yes,yes,yes,yes,yes,yes,yes,yes,yes,yes,yes,yes,yes,yes,n/a,yes,yes,yes,yes,no,no,yes,no,no,yes,yes,yes,yes,yes,yes,yes,yes,yes,yes,no,yes,yes,yes,yes,yes,yes,yes,yes,yes,yes,yes,yes,yes,yes,yes,yes,yes,yes,no,yes,yes,yes,yes,yes,yes,yes,yes
pg_prewarm,yes,yes,yes,yes,yes,yes,yes,yes,yes,yes,yes,yes,yes,yes,yes,yes,yes,no,yes,yes,yes,yes,yes,yes,yes,yes,yes,yes,yes,yes,yes,yes,yes,yes,yes,yes,yes,yes,yes,yes,yes,yes,yes,yes,yes,yes,yes,yes,yes,n/a,yes,yes,yes,no,yes,yes,no,no,yes,yes,yes,yes,yes,yes,yes,yes,yes,yes,no,yes,yes,yes,yes,yes,yes,yes,yes,yes,yes,yes,yes,yes,yes,yes,yes,yes,yes,no,yes,yes,yes,yes,yes,yes,yes,yes
pg_proctab,yes,yes,yes,yes,yes,yes,yes,yes,yes,yes,yes,yes,yes,yes,yes,yes,yes,no,yes,yes,yes,yes,yes,yes,yes,yes,yes,yes,yes,yes,yes,yes,yes,yes,yes,yes,yes,yes,yes,yes,yes,yes,yes,yes,yes,yes,yes,yes,yes,yes,n/a,yes,yes,no,yes,yes,no,no,yes,yes,yes,yes,yes,yes,yes,yes,yes,yes,no,yes,yes,yes,yes,yes,yes,yes,yes,yes,yes,yes,yes,yes,yes,yes,yes,yes,yes,no,yes,yes,yes,yes,yes,yes,yes,yes
pg_qualstats,yes,yes,yes,yes,yes,yes,yes,yes,yes,yes,yes,yes,yes,yes,yes,yes,yes,no,yes,yes,yes,yes,yes,yes,yes,yes,yes,yes,yes,yes,yes,yes,yes,yes,yes,yes,yes,yes,yes,yes,yes,no,yes,no,yes,yes,yes,yes,yes,yes,yes,n/a,yes,no,yes,yes,no,no,yes,yes,yes,no,yes,yes,yes,yes,yes,yes,no,yes,yes,yes,yes,yes,yes,yes,yes,yes,yes,yes,yes,yes,yes,yes,yes,no,yes,no,yes,yes,yes,yes,yes,yes,yes,yes
pg_query_rewrite,no,no,yes,yes,yes,no,no,no,no,no,no,no,no,no,no,no,yes,no,no,no,no,no,no,no,no,no,yes,no,no,no,no,no,no,no,no,no,no,yes,no,no,no,no,yes,no,no,no,no,yes,yes,yes,yes,no,n/a,no,no,no,no,no,no,no,no,no,no,no,no,no,no,no,no,no,yes,yes,no,no,yes,no,yes,no,no,yes,no,no,yes,no,yes,no,no,no,no,no,no,no,no,no,no,no
pg_queryid,no,no,no,no,no,no,no,no,no,no,no,no,no,no,no,no,no,no,no,no,no,no,no,no,no,no,yes,yes,no,no,no,yes,no,no,no,no,no,no,no,no,no,no,no,no,no,no,no,no,no,no,no,no,no,n/a,no,no,no,no,no,no,no,no,no,no,no,no,no,yes,no,yes,yes,no,no,no,no,yes,no,yes,no,yes,no,no,yes,no,no,no,no,no,no,no,no,no,no,no,no,yes
pg_repack,yes,yes,yes,yes,yes,yes,yes,yes,yes,yes,yes,no,yes,yes,yes,yes,yes,yes,yes,yes,yes,yes,yes,yes,yes,yes,yes,yes,yes,yes,yes,yes,yes,yes,yes,yes,yes,yes,yes,yes,yes,yes,yes,no,yes,no,yes,yes,no,yes,yes,yes,yes,no,n/a,no,no,yes,yes,yes,no,yes,yes,yes,yes,yes,yes,yes,no,yes,yes,yes,no,yes,yes,no,no,yes,yes,yes,yes,yes,yes,yes,yes,no,yes,no,yes,yes,yes,yes,yes,no,yes,yes
pg_show_plans,yes,yes,yes,yes,yes,yes,yes,yes,yes,yes,yes,yes,yes,yes,yes,yes,yes,no,yes,yes,yes,yes,yes,yes,yes,yes,yes,yes,yes,yes,yes,yes,yes,yes,yes,yes,yes,yes,yes,yes,yes,yes,yes,no,yes,yes,yes,yes,yes,yes,yes,yes,yes,no,yes,n/a,no,no,yes,yes,yes,yes,yes,yes,yes,yes,yes,yes,no,yes,yes,yes,yes,yes,yes,yes,yes,yes,yes,yes,yes,yes,yes,yes,yes,no,yes,no,yes,yes,yes,yes,yes,yes,yes,yes
pg_stat_kcache,yes,yes,yes,yes,yes,yes,yes,yes,yes,yes,yes,no,yes,yes,yes,yes,yes,no,no,yes,yes,yes,yes,yes,yes,yes,yes,yes,yes,yes,yes,yes,yes,yes,yes,yes,yes,yes,yes,yes,yes,yes,yes,no,yes,no,no,yes,yes,yes,yes,yes,yes,no,yes,no,n/a,no,no,yes,yes,yes,yes,yes,yes,yes,no,yes,no,yes,yes,yes,no,yes,yes,yes,yes,yes,no,yes,yes,yes,yes,yes,yes,no,yes,no,yes,yes,yes,yes,yes,yes,yes,yes
pg_stat_monitor,yes,no,yes,yes,yes,yes,no,no,no,no,no,no,no,no,no,no,yes,no,no,no,no,no,no,no,no,no,no,no,no,no,no,no,no,no,no,no,no,no,yes,no,yes,no,no,yes,no,no,no,yes,no,no,no,no,no,no,yes,no,no,n/a,no,no,yes,no,no,no,no,no,no,no,no,no,no,no,no,no,no,yes,no,yes,no,no,no,no,no,no,no,no,yes,no,no,no,no,no,no,no,yes,no
pg_stat_statements,yes,yes,yes,yes,yes,yes,yes,yes,yes,yes,yes,no,yes,yes,yes,yes,yes,no,no,yes,yes,yes,yes,yes,yes,yes,yes,yes,yes,yes,yes,yes,yes,yes,yes,yes,yes,yes,yes,yes,yes,yes,yes,no,yes,no,no,yes,yes,yes,yes,yes,yes,no,yes,no,no,no,n/a,yes,no,yes,yes,yes,yes,yes,no,yes,no,yes,yes,yes,no,yes,yes,yes,yes,yes,no,yes,yes,yes,yes,yes,yes,no,yes,no,yes,yes,yes,yes,yes,yes,yes,yes
pg_surgery,yes,yes,yes,yes,yes,yes,yes,yes,yes,yes,yes,yes,yes,yes,yes,yes,yes,no,yes,yes,yes,yes,yes,yes,yes,yes,yes,yes,yes,yes,yes,yes,yes,yes,yes,yes,yes,yes,yes,yes,yes,yes,yes,no,yes,yes,yes,yes,yes,yes,yes,yes,yes,no,yes,no,no,no,yes,n/a,yes,yes,yes,yes,yes,yes,yes,yes,no,yes,yes,yes,yes,yes,yes,yes,yes,yes,yes,yes,yes,yes,yes,yes,yes,no,yes,no,yes,yes,yes,yes,yes,yes,yes,yes
pg_tle,yes,no,yes,yes,yes,no,no,no,no,no,no,no,no,no,yes,yes,yes,yes,yes,yes,no,no,no,no,yes,yes,yes,no,no,no,no,no,no,no,yes,no,no,yes,yes,no,no,yes,yes,no,no,no,yes,yes,yes,yes,yes,yes,no,no,no,no,yes,no,no,yes,n/a,no,yes,no,yes,no,no,no,no,yes,yes,yes,no,no,yes,yes,yes,yes,no,yes,no,yes,yes,no,yes,no,no,no,yes,yes,no,no,yes,yes,yes,no
pg_trgm,yes,yes,yes,yes,yes,yes,yes,yes,yes,yes,yes,yes,yes,yes,yes,yes,yes,no,yes,yes,yes,yes,yes,yes,yes,yes,yes,yes,yes,no,yes,yes,yes,yes,no,yes,yes,yes,yes,yes,yes,no,yes,yes,yes,yes,yes,yes,yes,yes,yes,no,yes,no,yes,no,yes,no,yes,yes,yes,n/a,yes,yes,yes,yes,yes,yes,no,yes,yes,yes,no,yes,yes,yes,yes,yes,yes,no,yes,yes,yes,yes,yes,no,yes,no,yes,yes,yes,yes,yes,yes,yes,yes
pg_variables,yes,yes,yes,yes,yes,yes,yes,yes,yes,yes,yes,yes,yes,yes,yes,yes,yes,no,yes,yes,yes,yes,yes,yes,yes,yes,yes,yes,yes,yes,yes,yes,yes,yes,yes,yes,yes,yes,yes,yes,yes,yes,yes,no,yes,yes,yes,yes,yes,yes,yes,yes,yes,no,yes,no,yes,no,yes,yes,yes,yes,n/a,yes,yes,yes,yes,yes,no,yes,yes,yes,yes,yes,yes,yes,yes,yes,yes,yes,yes,yes,yes,yes,yes,no,yes,no,yes,yes,yes,yes,yes,yes,yes,yes
pg_visibility,yes,yes,yes,yes,yes,yes,yes,yes,yes,yes,yes,yes,yes,yes,yes,yes,yes,no,yes,yes,yes,yes,yes,yes,yes,yes,yes,yes,yes,yes,yes,yes,yes,yes,yes,yes,yes,yes,yes,yes,yes,yes,yes,yes,yes,yes,yes,yes,yes,yes,yes,yes,yes,no,yes,no,yes,no,yes,yes,yes,yes,yes,n/a,yes,yes,yes,yes,no,yes,yes,yes,no,yes,yes,yes,yes,yes,yes,yes,yes,yes,yes,yes,yes,no,yes,no,yes,yes,yes,yes,yes,yes,yes,yes
pg_wait_sampling,yes,yes,yes,yes,yes,yes,yes,yes,yes,yes,yes,yes,yes,yes,yes,yes,yes,no,yes,yes,yes,yes,yes,yes,yes,yes,yes,yes,yes,yes,yes,yes,yes,yes,yes,yes,yes,yes,yes,yes,yes,yes,yes,no,yes,yes,yes,yes,yes,yes,yes,yes,yes,no,yes,no,yes,no,yes,yes,yes,yes,yes,yes,n/a,yes,yes,yes,no,yes,yes,yes,yes,yes,yes,yes,yes,yes,yes,yes,yes,yes,yes,yes,yes,no,yes,no,yes,yes,yes,yes,yes,yes,yes,yes
pg_walinspect,yes,yes,yes,yes,yes,yes,yes,yes,yes,yes,yes,yes,yes,yes,yes,yes,yes,no,yes,yes,yes,yes,yes,yes,yes,yes,yes,yes,yes,yes,yes,yes,yes,yes,yes,yes,yes,yes,yes,yes,yes,yes,yes,yes,yes,yes,yes,yes,yes,yes,yes,yes,yes,no,yes,no,yes,no,yes,yes,yes,yes,yes,yes,yes,n/a,yes,yes,no,yes,yes,yes,no,yes,yes,yes,yes,yes,yes,yes,yes,yes,yes,yes,yes,no,no,no,yes,yes,yes,yes,yes,yes,no,yes
pgaudit,yes,yes,yes,yes,yes,yes,yes,yes,yes,yes,yes,no,yes,yes,yes,yes,yes,no,yes,yes,yes,yes,yes,yes,yes,yes,yes,yes,yes,yes,yes,yes,yes,yes,yes,yes,yes,yes,yes,yes,no,yes,yes,no,yes,no,yes,yes,yes,yes,yes,yes,yes,no,yes,no,no,no,no,yes,no,yes,yes,yes,yes,yes,n/a,yes,no,yes,yes,yes,no,yes,yes,yes,yes,yes,yes,yes,yes,yes,yes,yes,yes,no,yes,no,yes,yes,yes,yes,yes,yes,yes,yes
pgcrypto,yes,yes,yes,yes,yes,yes,yes,yes,yes,yes,yes,yes,yes,yes,yes,yes,yes,no,yes,yes,yes,yes,yes,yes,yes,yes,yes,yes,yes,yes,yes,yes,yes,yes,yes,yes,yes,yes,yes,yes,yes,yes,yes,yes,yes,yes,yes,yes,yes,yes,yes,yes,yes,yes,yes,yes,yes,no,yes,yes,yes,yes,yes,yes,yes,yes,yes,n/a,no,yes,no,yes,no,yes,yes,yes,yes,yes,yes,yes,yes,yes,yes,yes,yes,no,yes,no,yes,yes,yes,yes,yes,yes,yes,yes
pgextwlist,no,no,yes,yes,yes,yes,no,no,no,no,no,no,no,no,no,no,no,no,no,no,no,no,no,no,no,no,no,no,no,no,no,no,no,no,no,no,no,no,no,no,yes,no,no,no,no,no,no,yes,no,no,no,no,no,no,no,no,no,no,no,no,no,no,no,no,no,no,no,no,n/a,no,no,no,no,no,no,no,no,no,no,no,no,no,no,no,no,no,yes,no,no,no,no,no,no,no,yes,no
pgfincore,yes,yes,yes,yes,yes,yes,yes,yes,yes,yes,yes,yes,yes,yes,yes,yes,yes,no,yes,yes,yes,yes,yes,yes,yes,yes,yes,yes,yes,yes,yes,yes,yes,yes,yes,yes,yes,yes,yes,yes,yes,yes,yes,no,yes,yes,yes,yes,yes,yes,yes,yes,yes,yes,yes,no,yes,no,yes,yes,yes,yes,yes,yes,yes,yes,yes,yes,no,n/a,yes,yes,yes,yes,yes,yes,yes,yes,yes,yes,yes,yes,yes,yes,yes,no,yes,no,yes,yes,yes,yes,yes,yes,yes,yes
pgjwt,yes,yes,yes,yes,yes,yes,yes,yes,yes,yes,yes,yes,yes,yes,yes,yes,yes,no,yes,yes,yes,yes,yes,yes,yes,yes,yes,yes,yes,yes,yes,yes,yes,yes,yes,yes,yes,yes,yes,yes,yes,yes,yes,yes,yes,yes,yes,yes,yes,yes,yes,yes,yes,yes,yes,yes,yes,no,yes,yes,yes,yes,yes,yes,yes,yes,yes,no,no,yes,n/a,yes,yes,yes,yes,yes,yes,yes,yes,yes,yes,yes,yes,yes,yes,yes,yes,no,yes,yes,yes,yes,yes,yes,yes,yes
pgrowlocks,yes,yes,yes,yes,yes,yes,yes,yes,yes,yes,yes,yes,yes,yes,yes,yes,yes,no,yes,yes,yes,yes,yes,yes,yes,yes,yes,yes,yes,yes,yes,yes,yes,yes,yes,yes,yes,yes,yes,yes,yes,yes,yes,yes,yes,yes,yes,yes,yes,yes,yes,yes,yes,no,yes,no,yes,no,yes,yes,yes,yes,yes,yes,yes,yes,yes,yes,no,yes,yes,n/a,yes,yes,yes,yes,yes,yes,yes,yes,yes,yes,yes,yes,yes,yes,yes,no,yes,yes,yes,yes,yes,yes,yes,yes
pgsentinel,yes,no,yes,yes,yes,yes,yes,yes,yes,yes,yes,yes,yes,yes,yes,yes,yes,no,no,yes,no,yes,yes,yes,yes,yes,yes,yes,yes,yes,yes,yes,yes,no,yes,yes,yes,yes,yes,yes,yes,yes,yes,yes,yes,no,no,yes,yes,yes,yes,yes,yes,no,no,no,no,no,no,yes,yes,yes,yes,yes,yes,yes,no,yes,no,yes,yes,yes,n/a,yes,yes,no,yes,yes,no,yes,yes,yes,yes,yes,yes,no,no,no,yes,yes,yes,yes,yes,yes,yes,yes
pgstattuple,yes,yes,yes,yes,yes,yes,yes,yes,yes,yes,yes,yes,yes,yes,yes,yes,yes,no,yes,yes,yes,yes,yes,yes,yes,yes,yes,yes,yes,yes,yes,yes,yes,yes,yes,yes,yes,yes,yes,yes,yes,yes,yes,yes,yes,yes,yes,yes,yes,yes,yes,yes,yes,no,yes,no,yes,no,yes,yes,yes,yes,yes,yes,yes,yes,yes,yes,no,yes,yes,yes,no,n/a,yes,yes,yes,yes,yes,yes,yes,yes,yes,yes,yes,no,yes,no,yes,yes,yes,yes,yes,yes,yes,yes
pgtap,yes,yes,yes,yes,yes,yes,yes,yes,yes,yes,yes,yes,yes,yes,yes,yes,yes,no,yes,yes,yes,yes,yes,yes,yes,yes,yes,yes,yes,yes,yes,yes,yes,yes,yes,yes,yes,yes,yes,yes,yes,yes,yes,yes,yes,yes,yes,yes,yes,yes,yes,yes,yes,no,yes,no,yes,no,yes,yes,yes,yes,yes,yes,yes,yes,yes,yes,no,yes,yes,yes,yes,yes,n/a,yes,yes,yes,yes,yes,yes,yes,yes,yes,yes,yes,yes,no,yes,yes,yes,yes,yes,yes,yes,yes
pgtt,yes,yes,yes,yes,yes,yes,yes,yes,yes,yes,yes,yes,yes,yes,yes,yes,yes,yes,yes,yes,yes,yes,yes,yes,yes,yes,yes,yes,yes,yes,yes,yes,yes,yes,yes,yes,yes,yes,yes,yes,yes,no,yes,no,yes,yes,yes,yes,yes,yes,yes,yes,yes,yes,no,no,yes,yes,yes,yes,yes,yes,yes,yes,yes,yes,yes,yes,no,yes,yes,yes,yes,yes,yes,n/a,yes,yes,yes,yes,yes,yes,yes,yes,yes,no,yes,no,yes,yes,yes,yes,yes,yes,yes,yes
plprofiler,yes,yes,yes,yes,yes,yes,yes,yes,yes,yes,yes,no,yes,yes,yes,yes,yes,no,yes,yes,yes,yes,yes,yes,yes,no,yes,yes,yes,yes,yes,yes,yes,no,no,yes,yes,yes,yes,yes,yes,yes,yes,yes,yes,no,yes,yes,yes,yes,yes,no,no,no,no,no,no,no,no,yes,yes,yes,yes,yes,yes,yes,yes,yes,no,yes,yes,yes,no,yes,yes,yes,n/a,yes,yes,yes,yes,no,yes,yes,yes,yes,yes,no,yes,yes,yes,yes,yes,yes,yes,yes
plv8,yes,yes,yes,yes,yes,yes,yes,yes,yes,yes,yes,yes,yes,yes,yes,yes,yes,yes,yes,yes,yes,yes,yes,yes,yes,yes,yes,yes,yes,yes,yes,yes,yes,yes,yes,yes,yes,yes,yes,yes,yes,yes,yes,no,yes,yes,yes,yes,yes,yes,yes,yes,yes,yes,yes,no,yes,yes,yes,yes,yes,yes,yes,yes,yes,yes,yes,yes,no,yes,yes,yes,yes,yes,yes,yes,yes,n/a,yes,yes,yes,yes,yes,yes,yes,no,yes,yes,yes,yes,yes,yes,yes,yes,yes,yes
postgres_fdw,yes,yes,yes,yes,yes,yes,yes,yes,yes,yes,yes,no,yes,yes,yes,yes,yes,no,yes,yes,yes,yes,yes,yes,yes,yes,yes,yes,yes,yes,yes,yes,yes,yes,yes,yes,yes,yes,yes,yes,yes,yes,yes,yes,yes,no,yes,yes,yes,yes,yes,yes,yes,no,yes,no,no,no,no,yes,yes,yes,yes,yes,yes,yes,yes,yes,no,yes,yes,yes,no,yes,yes,yes,yes,yes,n/a,yes,yes,yes,yes,yes,yes,no,yes,no,yes,yes,yes,yes,yes,yes,yes,yes
prefix,yes,yes,yes,yes,yes,yes,yes,yes,no,no,no,yes,no,yes,yes,yes,yes,no,yes,yes,yes,no,yes,yes,yes,yes,yes,no,yes,no,yes,yes,yes,yes,yes,no,yes,yes,yes,yes,yes,yes,yes,yes,yes,yes,yes,yes,yes,yes,yes,yes,yes,yes,yes,no,yes,no,yes,yes,yes,no,yes,yes,yes,yes,yes,yes,no,yes,yes,yes,yes,yes,yes,yes,yes,yes,yes,n/a,no,yes,yes,yes,yes,yes,yes,no,yes,yes,yes,yes,yes,yes,yes,yes
seg,yes,yes,yes,yes,yes,yes,yes,yes,yes,yes,yes,no,yes,yes,yes,yes,yes,no,yes,yes,yes,yes,yes,yes,yes,no,yes,yes,no,no,yes,yes,yes,yes,no,yes,yes,yes,yes,yes,yes,no,yes,yes,yes,yes,yes,yes,yes,yes,yes,yes,yes,no,yes,no,yes,no,yes,yes,yes,yes,yes,yes,yes,yes,yes,yes,no,yes,yes,yes,no,yes,yes,yes,yes,yes,yes,no,n/a,yes,yes,yes,yes,no,yes,no,yes,yes,yes,yes,yes,yes,yes,yes
shared_ispell,yes,yes,yes,yes,yes,yes,yes,yes,yes,yes,yes,no,yes,yes,yes,yes,yes,no,yes,yes,yes,yes,yes,yes,yes,yes,yes,yes,yes,yes,yes,yes,yes,yes,yes,yes,yes,yes,yes,yes,yes,yes,yes,no,yes,yes,yes,yes,yes,yes,yes,yes,yes,no,yes,no,yes,no,yes,yes,yes,yes,yes,yes,yes,yes,yes,yes,no,yes,yes,yes,yes,yes,yes,yes,yes,yes,yes,yes,yes,n/a,yes,yes,yes,no,yes,no,yes,yes,yes,yes,yes,yes,yes,yes
sslinfo,yes,yes,yes,yes,yes,yes,yes,yes,yes,yes,yes,yes,yes,yes,yes,yes,yes,no,yes,yes,yes,yes,yes,yes,yes,yes,yes,yes,yes,yes,yes,yes,yes,yes,yes,yes,yes,yes,yes,yes,yes,yes,yes,yes,yes,yes,yes,yes,yes,yes,yes,yes,yes,yes,yes,yes,yes,no,yes,yes,yes,yes,yes,yes,yes,yes,yes,yes,no,yes,yes,yes,yes,yes,yes,yes,yes,yes,yes,yes,yes,yes,n/a,yes,yes,yes,yes,no,yes,yes,yes,yes,yes,yes,yes,yes
tablefunc,yes,yes,yes,yes,yes,yes,yes,yes,yes,yes,yes,yes,yes,yes,yes,yes,yes,no,yes,yes,yes,yes,yes,yes,yes,yes,yes,yes,yes,yes,yes,yes,yes,yes,yes,yes,yes,yes,yes,yes,yes,yes,yes,yes,yes,yes,yes,yes,yes,yes,yes,yes,yes,no,yes,no,yes,no,yes,yes,yes,yes,yes,yes,yes,yes,yes,yes,no,yes,yes,yes,no,yes,yes,yes,yes,yes,yes,yes,yes,yes,yes,n/a,yes,no,yes,no,yes,yes,yes,yes,yes,yes,yes,yes
tcn,yes,yes,yes,yes,yes,yes,yes,yes,yes,yes,yes,yes,yes,yes,yes,yes,yes,no,yes,yes,yes,yes,yes,yes,yes,yes,yes,yes,yes,yes,yes,yes,yes,yes,yes,yes,yes,yes,yes,yes,yes,yes,yes,yes,yes,yes,yes,yes,yes,yes,yes,yes,yes,no,yes,no,yes,no,yes,yes,yes,yes,yes,yes,yes,yes,yes,yes,no,yes,yes,yes,yes,yes,yes,yes,yes,yes,yes,yes,yes,yes,yes,yes,n/a,yes,yes,no,yes,yes,yes,yes,yes,yes,yes,yes
tds_fdw,yes,yes,yes,yes,yes,yes,yes,no,yes,yes,yes,yes,yes,yes,yes,yes,yes,no,yes,yes,yes,yes,no,yes,yes,yes,yes,yes,yes,yes,no,yes,yes,yes,no,no,yes,yes,no,no,no,no,yes,no,no,no,no,yes,yes,yes,yes,no,no,no,no,no,no,no,no,no,no,no,no,no,no,no,no,no,no,no,yes,yes,no,no,yes,no,yes,no,no,yes,no,no,yes,no,yes,n/a,no,no,no,no,no,yes,no,no,no,yes
test_decoding,yes,yes,yes,yes,yes,yes,yes,yes,yes,yes,yes,no,yes,yes,yes,yes,yes,yes,yes,yes,yes,yes,yes,yes,yes,yes,yes,yes,yes,yes,yes,yes,yes,yes,yes,yes,yes,yes,yes,yes,yes,yes,yes,yes,yes,yes,yes,yes,yes,yes,yes,yes,yes,no,yes,no,yes,yes,yes,yes,yes,yes,yes,yes,yes,yes,yes,yes,yes,yes,yes,yes,no,yes,yes,yes,yes,yes,yes,yes,yes,yes,yes,yes,yes,no,n/a,yes,yes,yes,yes,yes,yes,yes,yes,yes
timescaledb,yes,no,yes,yes,yes,yes,no,no,no,no,no,no,no,no,no,no,no,no,no,no,no,no,no,no,no,no,no,no,no,no,no,no,no,no,no,no,no,no,no,no,yes,no,no,yes,no,no,no,yes,no,no,no,no,no,no,no,no,no,no,no,no,no,no,no,no,no,no,no,no,no,no,no,no,no,no,no,no,no,yes,no,no,no,no,no,no,no,no,yes,n/a,no,no,no,yes,no,no,yes,no
tsm_system_rows,yes,yes,yes,yes,yes,yes,yes,yes,yes,yes,yes,yes,yes,yes,yes,yes,yes,no,yes,yes,yes,yes,yes,yes,yes,yes,yes,yes,yes,yes,yes,yes,yes,yes,yes,yes,yes,yes,yes,yes,yes,yes,yes,no,yes,yes,yes,yes,yes,yes,yes,yes,yes,no,yes,no,yes,no,yes,yes,yes,yes,yes,yes,yes,yes,yes,yes,no,yes,yes,yes,yes,yes,yes,no,yes,yes,yes,yes,yes,yes,yes,yes,yes,no,yes,no,n/a,yes,yes,yes,yes,yes,yes,yes
tsm_system_time,yes,yes,yes,yes,yes,yes,yes,yes,yes,yes,yes,yes,yes,yes,yes,yes,yes,no,yes,yes,yes,yes,yes,yes,yes,yes,yes,yes,yes,yes,yes,yes,yes,yes,yes,yes,yes,yes,yes,yes,yes,yes,yes,no,yes,yes,yes,yes,yes,yes,yes,yes,yes,no,yes,no,yes,no,yes,yes,yes,yes,yes,yes,yes,yes,yes,yes,no,yes,yes,yes,yes,yes,yes,yes,yes,yes,yes,yes,yes,yes,yes,yes,yes,no,yes,no,yes,n/a,yes,yes,yes,yes,yes,yes
unaccent,yes,yes,yes,yes,yes,yes,yes,yes,yes,yes,yes,yes,yes,yes,yes,yes,yes,no,yes,yes,yes,yes,yes,yes,yes,yes,yes,yes,yes,yes,yes,yes,yes,yes,yes,yes,yes,yes,yes,yes,yes,yes,yes,yes,yes,yes,yes,yes,yes,yes,yes,yes,yes,no,yes,no,yes,no,yes,yes,yes,yes,yes,yes,yes,yes,yes,yes,no,yes,yes,yes,no,yes,yes,yes,yes,yes,yes,yes,yes,yes,yes,yes,yes,no,yes,no,yes,yes,n/a,yes,yes,yes,yes,yes
uuid-ossp,yes,yes,yes,yes,yes,yes,yes,yes,yes,yes,yes,yes,yes,yes,yes,yes,yes,no,yes,yes,yes,yes,yes,yes,yes,yes,yes,yes,yes,yes,yes,yes,yes,yes,yes,yes,yes,yes,yes,yes,yes,yes,yes,yes,yes,yes,yes,yes,yes,yes,yes,yes,yes,no,yes,yes,yes,no,yes,yes,yes,yes,yes,yes,yes,yes,yes,yes,no,yes,yes,yes,yes,yes,yes,yes,yes,yes,yes,yes,yes,yes,yes,yes,yes,yes,yes,yes,yes,yes,yes,n/a,yes,yes,yes,yes
vector,yes,yes,yes,yes,yes,yes,yes,yes,yes,yes,yes,yes,yes,yes,yes,yes,yes,no,yes,yes,yes,yes,yes,yes,yes,yes,yes,yes,yes,yes,yes,yes,yes,yes,yes,yes,yes,yes,yes,yes,yes,yes,yes,no,yes,yes,yes,yes,yes,yes,yes,yes,yes,no,yes,no,yes,no,yes,yes,yes,yes,yes,yes,yes,yes,yes,yes,no,yes,yes,yes,yes,yes,yes,yes,yes,yes,yes,yes,yes,yes,yes,yes,yes,no,yes,no,yes,yes,yes,yes,n/a,yes,yes,yes
vops,yes,yes,yes,yes,yes,yes,yes,yes,yes,yes,yes,yes,yes,yes,yes,yes,yes,no,yes,yes,yes,yes,yes,yes,yes,yes,yes,yes,yes,yes,yes,yes,yes,yes,yes,yes,yes,yes,yes,yes,yes,yes,yes,no,yes,yes,yes,yes,yes,yes,yes,yes,yes,no,no,no,yes,no,yes,yes,yes,yes,yes,yes,yes,yes,yes,yes,no,yes,yes,yes,yes,yes,yes,yes,yes,yes,yes,yes,yes,yes,yes,yes,yes,no,yes,no,yes,yes,yes,yes,yes,n/a,yes,yes
wal2json,yes,yes,yes,yes,yes,yes,yes,yes,yes,yes,yes,yes,yes,yes,yes,yes,yes,yes,yes,yes,yes,yes,yes,yes,yes,yes,yes,yes,yes,yes,yes,yes,yes,yes,yes,yes,yes,yes,yes,yes,yes,yes,yes,no,yes,yes,yes,yes,yes,yes,yes,yes,yes,no,yes,no,yes,yes,yes,yes,yes,yes,yes,yes,yes,yes,yes,yes,yes,yes,yes,yes,yes,yes,yes,yes,yes,yes,yes,yes,yes,yes,yes,yes,yes,no,no,yes,yes,yes,yes,yes,yes,yes,n/a,yes
xml2,yes,yes,yes,yes,yes,yes,yes,yes,yes,yes,yes,yes,yes,yes,yes,yes,yes,no,yes,yes,yes,yes,yes,yes,yes,yes,yes,yes,yes,yes,yes,yes,yes,yes,yes,yes,yes,yes,yes,yes,yes,yes,yes,yes,yes,yes,yes,yes,yes,yes,yes,yes,yes,yes,yes,yes,yes,no,yes,yes,yes,yes,yes,yes,yes,yes,yes,yes,no,yes,yes,yes,no,yes,yes,yes,yes,yes,yes,yes,yes,yes,yes,yes,yes,yes,yes,no,yes,yes,yes,yes,yes,yes,yes,n/a